"","index","value"
"1",1,101
"2",2,102
"3",3,103
"4",4,104
"5",5,105
"6",6,106
"7",7,107
"8",8,108
"9",9,109
"10",10,110
"11",11,111
"12",12,112
"13",13,113
"14",14,114
"15",15,115
"16",16,116
"17",17,117
"18",18,118
"19",19,119
"20",20,120
"21",21,121
"22",22,122
"23",23,123
"24",24,124
"25",25,125
"26",26,126
"27",27,127
"28",28,128
"29",29,129
"30",30,130
"31",31,131
"32",32,132
"33",33,133
"34",34,134
"35",35,135
"36",36,136
"37",37,137
"38",38,138
"39",39,139
"40",40,140
"41",41,141
"42",42,142
"43",43,143
"44",44,144
"45",45,145
"46",46,146
"47",47,147
"48",48,148
"49",49,149
"50",50,150
"51",51,151
"52",52,152
"53",53,153
"54",54,154
"55",55,155
"56",56,156
"57",57,157
"58",58,158
"59",59,159
"60",60,160
"61",61,161
"62",62,162
"63",63,163
"64",64,164
"65",65,165
"66",66,166
"67",67,167
"68",68,168
"69",69,169
"70",70,170
"71",71,171
"72",72,172
"73",73,173
"74",74,174
"75",75,175
"76",76,176
"77",77,177
"78",78,178
"79",79,179
"80",80,180
"81",81,181
"82",82,182
"83",83,183
"84",84,184
"85",85,185
"86",86,186
"87",87,187
"88",88,188
"89",89,189
"90",90,190
"91",91,191
"92",92,192
"93",93,193
"94",94,194
"95",95,195
"96",96,196
"97",97,197
"98",98,198
"99",99,199
"100",100,200
"101",101,201
"102",102,202
"103",103,203
"104",104,204
"105",105,205
"106",106,206
"107",107,207
"108",108,208
"109",109,209
"110",110,210
"111",111,211
"112",112,212
"113",113,213
"114",114,214
"115",115,215
"116",116,216
"117",117,217
"118",118,218
"119",119,219
"120",120,220
"121",121,221
"122",122,222
"123",123,223
"124",124,224
"125",125,225
"126",126,226
"127",127,227
"128",128,228
"129",129,229
"130",130,230
"131",131,231
"132",132,232
"133",133,233
"134",134,234
"135",135,235
"136",136,236
"137",137,237
"138",138,238
"139",139,239
"140",140,240
"141",141,241
"142",142,242
"143",143,243
"144",144,244
"145",145,245
"146",146,246
"147",147,247
"148",148,248
"149",149,249
"150",150,250
"151",151,251
"152",152,252
"153",153,253
"154",154,254
"155",155,255
"156",156,256
"157",157,257
"158",158,258
"159",159,259
"160",160,260
"161",161,261
"162",162,262
"163",163,263
"164",164,264
"165",165,265
"166",166,266
"167",167,267
"168",168,268
"169",169,269
"170",170,270
"171",171,271
"172",172,272
"173",173,273
"174",174,274
"175",175,275
"176",176,276
"177",177,277
"178",178,278
"179",179,279
"180",180,280
"181",181,281
"182",182,282
"183",183,283
"184",184,284
"185",185,285
"186",186,286
"187",187,287
"188",188,288
"189",189,289
"190",190,290
"191",191,291
"192",192,292
"193",193,293
"194",194,294
"195",195,295
"196",196,296
"197",197,297
"198",198,298
"199",199,299
"200",200,300
